username,password
apxdemop01@apixio.net,Hadoop.4522
apxdemop02@apixio.net,Hadoop.4522
apxdemop03@apixio.net,Hadoop.4522
apxdemop04@apixio.net,Hadoop.4522
apxdemop05@apixio.net,Hadoop.4522
apxdemop06@apixio.net,Hadoop.4522
apxdemop07@apixio.net,Hadoop.4522
apxdemop08@apixio.net,Hadoop.4522
apxdemop09@apixio.net,Hadoop.4522
apxdemop10@apixio.net,Hadoop.4522
apxdemop11@apixio.net,Hadoop.4522
apxdemop12@apixio.net,Hadoop.4522
apxdemop13@apixio.net,Hadoop.4522
apxdemop14@apixio.net,Hadoop.4522
apxdemop15@apixio.net,Hadoop.4522
apxdemop16@apixio.net,Hadoop.4522
apxdemop17@apixio.net,Hadoop.4522
apxdemop18@apixio.net,Hadoop.4522
apxdemop19@apixio.net,Hadoop.4522
apxdemop20@apixio.net,Hadoop.4522
apxdemop21@apixio.net,Hadoop.4522
apxdemop22@apixio.net,Hadoop.4522
apxdemop23@apixio.net,Hadoop.4522
apxdemop24@apixio.net,Hadoop.4522
apxdemop25@apixio.net,Hadoop.4522
apxdemop26@apixio.net,Hadoop.4522
apxdemop27@apixio.net,Hadoop.4522
apxdemop28@apixio.net,Hadoop.4522
apxdemop29@apixio.net,Hadoop.4522
apxdemop30@apixio.net,Hadoop.4522
apxdemop31@apixio.net,Hadoop.4522
apxdemop32@apixio.net,Hadoop.4522
apxdemop33@apixio.net,Hadoop.4522
apxdemop34@apixio.net,Hadoop.4522
apxdemop35@apixio.net,Hadoop.4522
apxdemop36@apixio.net,Hadoop.4522
apxdemop37@apixio.net,Hadoop.4522
apxdemop38@apixio.net,Hadoop.4522
apxdemop39@apixio.net,Hadoop.4522
apxdemop40@apixio.net,Hadoop.4522
apxdemop41@apixio.net,Hadoop.4522
apxdemop42@apixio.net,Hadoop.4522
apxdemop43@apixio.net,Hadoop.4522
apxdemop44@apixio.net,Hadoop.4522
apxdemop45@apixio.net,Hadoop.4522
apxdemop46@apixio.net,Hadoop.4522
apxdemop47@apixio.net,Hadoop.4522
apxdemop48@apixio.net,Hadoop.4522
apxdemop49@apixio.net,Hadoop.4522
apxdemop50@apixio.net,Hadoop.4522