username,password,account_id
apxdemot0031@apixio.net,Hadoop.4522,4
apxdemot0032@apixio.net,Hadoop.4522,7
apxdemot0033@apixio.net,Hadoop.4522,10
apxdemot0034@apixio.net,Hadoop.4522,13
apxdemot0035@apixio.net,Hadoop.4522,17
apxdemot0036@apixio.net,Hadoop.4522,21
apxdemot0037@apixio.net,Hadoop.4522,23
apxdemot0038@apixio.net,Hadoop.4522,27
apxdemot0039@apixio.net,Hadoop.4522,29
apxdemot0040@apixio.net,Hadoop.4522,34
apxdemot0041@apixio.net,Hadoop.4522,4
apxdemot0042@apixio.net,Hadoop.4522,7
apxdemot0043@apixio.net,Hadoop.4522,10
apxdemot0044@apixio.net,Hadoop.4522,13
apxdemot0045@apixio.net,Hadoop.4522,17
apxdemot0046@apixio.net,Hadoop.4522,21
apxdemot0048@apixio.net,Hadoop.4522,23
apxdemot0049@apixio.net,Hadoop.4522,27
apxdemot0050@apixio.net,Hadoop.4522,29
apxdemot0051@apixio.net,Hadoop.4522,34
apxdemot0052@apixio.net,Hadoop.4522,4
apxdemot0053@apixio.net,Hadoop.4522,7
apxdemot0054@apixio.net,Hadoop.4522,10
apxdemot0055@apixio.net,Hadoop.4522,13
apxdemot0056@apixio.net,Hadoop.4522,17
apxdemot0057@apixio.net,Hadoop.4522,21
apxdemot0058@apixio.net,Hadoop.4522,23
apxdemot0059@apixio.net,Hadoop.4522,27
apxdemot0060@apixio.net,Hadoop.4522,29
apxdemot0061@apixio.net,Hadoop.4522,34
apxdemot0062@apixio.net,Hadoop.4522,77